[
  {
    "Id": 1,
    "Message": "Message_1",
    "Created": "2013-05-23T18:28:43.51",
    "FkExerciseId": 1,
    "FkUserId": 1
  },
  {
    "Id": 2,
    "Message": "Message_2",
    "Created": "2012-05-23T18:28:43.51",
    "FkExerciseId": 1,
    "FkUserId": 2
  },
  {
    "Id": 3,
    "Message": "Message_3",
    "Created": "2018-05-23T18:28:43.51",
    "FkExerciseId": 1,
    "FkUserId": 4
  },
  {
    "Id": 4,
    "Message": "Message_4",
    "Created": "2019-05-23T18:28:43.51",
    "FkExerciseId": 2,
    "FkUserId": 2
  },
  {
    "Id": 5,
    "Message": "Message_5",
    "Created": "2020-05-23T18:28:43.51",
    "FkExerciseId": 2,
    "FkUserId": 3
  },
  {
    "Id": 6,
    "Message": "Message_6",
    "Created": "2015-05-23T18:28:43.51",
    "FkExerciseId": 1,
    "FkUserId": 2
  },
  {
    "Id": 7,
    "Message": "Message_7",
    "Created": "2017-05-23T18:28:43.51",
    "FkExerciseId": 1,
    "FkUserId": 1
  }
]