[
  {
    "Id": 1,
    "FkTagId": 1,
    "FkExerciseId": 1
  },
  {
    "Id": 2,
    "FkTagId": 2,
    "FkExerciseId": 1
  },
  {
    "Id": 3,
    "FkTagId": 3,
    "FkExerciseId": 1
  },
  {
    "Id": 4,
    "FkTagId": 2,
    "FkExerciseId": 2
  },
  {
    "Id": 5,
    "FkTagId": 4,
    "FkExerciseId": 1
  },
  {
    "Id": 6,
    "FkTagId": 5,
    "FkExerciseId": 1
  },
  {
    "Id": 7,
    "FkTagId": 5,
    "FkExerciseId": 2
  },
  {
    "Id": 8,
    "FkTagId": 6,
    "FkExerciseId": 1
  },
  {
    "Id": 9,
    "FkTagId": 7,
    "FkExerciseId": 1
  },
  {
    "Id": 10,
    "FkTagId": 7,
    "FkExerciseId": 2
  }
]