[
  {
    "Id": 1,
    "Name": "C++"
  },
  {
    "Id": 2,
    "Name": "C#"
  },
  {
    "Id": 3,
    "Name": "Java"
  },
  {
    "Id": 4,
    "Name": "Rust"
  },
  {
    "Id": 5,
    "Name": "C"
  },
  {
    "Id": 6,
    "Name": "Python"
  },
  {
    "Id": 7,
    "Name": "JavaScript"
  },
  {
    "Id": 8,
    "Name": "MultiLanguage"
  },
  {
    "Id": 9,
    "Name": "Octave"
  },
  {
    "Id": 10,
    "Name": "Pascal"
  },
  {
    "Id": 11,
    "Name": "PHP"
  },
  {
    "Id": 12,
    "Name": "SQL"
  }
]