[
  { // Exercise 1, Testcase 1, C++, V1
    "Id": 1,
    "OrderUsed": 1,
    "TestCode": "test_code_1_c++_V1",
    "StandardInput": "standard_input_1_c++_V1",
    "ExpectedOutput": "expected_output_1_c++_V1",
    "AdditionalData": "additional_data_1_c++_V1",
    "Points": 2,
    "FkTestSuiteId": 1,
    "UseAsExampleFlag": false,
    "HideOnFailFlag": true,
    "DisplayType": "HIDE"
  },
  { // Exercise 1, Testcase 2, C++, V1
    "Id": 2,
    "OrderUsed": 2,
    "TestCode": "test_code_2_c++_V1",
    "StandardInput": "standard_input_2_c++_V1",
    "ExpectedOutput": "expected_output_2_c++_V1",
    "AdditionalData": "additional_data_2_c++_V1",
    "Points": 2,
    "FkTestSuiteId": 1,
    "UseAsExampleFlag": false,
    "HideOnFailFlag": true,
    "DisplayType": "SHOW"
  },
  { // Exercise 1, Testcase 1, C#, V1
    "Id": 3,
    "OrderUsed": 1,
    "TestCode": "test_code_1_c#_V1",
    "StandardInput": "standard_input_1_c#_V1",
    "ExpectedOutput": "expected_output_1_c#_V1",
    "AdditionalData": "additional_data_1_c#_V1",
    "Points": 1,
    "FkTestSuiteId": 2,
    "UseAsExampleFlag": true,
    "HideOnFailFlag": false,
    "DisplayType": "SHOW"
  },
  { // Exercise 1, Testcase 2, C#, V1
    "Id": 4,
    "OrderUsed": 2,
    "TestCode": "test_code_2_c#_V1",
    "StandardInput": "standard_input_2_c#_V1",
    "ExpectedOutput": "expected_output_2_c#_V1",
    "AdditionalData": "additional_data_2_c#_V1",
    "Points": 1,
    "FkTestSuiteId": 2,
    "UseAsExampleFlag": true,
    "HideOnFailFlag": false,
    "DisplayType": "SHOW"
  },
  { // Exercise 1, Testcase 1, C++, V2
    "Id": 5,
    "OrderUsed": 1,
    "TestCode": "test_code_1_c++_V2",
    "StandardInput": "standard_input_1_c++_V2",
    "ExpectedOutput": "expected_output_1_c++_V2",
    "AdditionalData": "additional_data_1_c++_V2",
    "Points": 2,
    "FkTestSuiteId": 3,
    "UseAsExampleFlag": false,
    "HideOnFailFlag": true,
    "DisplayType": "HIDE"
  },
  { // Exercise 1, Testcase 2, C++, V2
    "Id": 6,
    "OrderUsed": 2,
    "TestCode": "test_code_2_c++_V2",
    "StandardInput": "standard_input_2_c++_V2",
    "ExpectedOutput": "expected_output_2_c++_V2",
    "AdditionalData": "additional_data_2_c++_V2",
    "Points": 2,
    "FkTestSuiteId": 3,
    "UseAsExampleFlag": false,
    "HideOnFailFlag": true,
    "DisplayType": "SHOW"
  },
  { // Exercise 1, Testcase 1, C#, V2
    "Id": 7,
    "OrderUsed": 1,
    "TestCode": "test_code_1_c#_V2",
    "StandardInput": "standard_input_1_c#_V2",
    "ExpectedOutput": "expected_output_1_c#_V2",
    "AdditionalData": "additional_data_1_c#_V2",
    "Points": 1,
    "FkTestSuiteId": 4,
    "UseAsExampleFlag": true,
    "HideOnFailFlag": false,
    "DisplayType": "SHOW"
  },
  { // Exercise 1, Testcase 2, C#, V2
    "Id": 8,
    "OrderUsed": 2,
    "TestCode": "test_code_2_c#_V2",
    "StandardInput": "standard_input_2_c#_V2",
    "ExpectedOutput": "expected_output_2_c#_V2",
    "AdditionalData": "additional_data_2_c#_V2",
    "Points": 1,
    "FkTestSuiteId": 4,
    "UseAsExampleFlag": true,
    "HideOnFailFlag": false,
    "DisplayType": "SHOW"
  },
  { // Exercise 1, Testcase 1, C++, V3
    "Id": 9,
    "OrderUsed": 1,
    "TestCode": "test_code_1_c++_V3",
    "StandardInput": "standard_input_1_c++_V3",
    "ExpectedOutput": "expected_output_1_c++_V3",
    "AdditionalData": "additional_data_1_c++_V3",
    "Points": 2,
    "FkTestSuiteId": 5,
    "UseAsExampleFlag": false,
    "HideOnFailFlag": true,
    "DisplayType": "HIDE"
  },
  { // Exercise 1, Testcase 2, C++, V3
    "Id": 10,
    "OrderUsed": 2,
    "TestCode": "test_code_2_c++_V3",
    "StandardInput": "standard_input_2_c++_V3",
    "ExpectedOutput": "expected_output_2_c++_V3",
    "AdditionalData": "additional_data_2_c++_V3",
    "Points": 2,
    "FkTestSuiteId": 5,
    "UseAsExampleFlag": false,
    "HideOnFailFlag": true,
    "DisplayType": "SHOW"
  },
  { // Exercise 1, Testcase 1, C#, V3
    "Id": 11,
    "OrderUsed": 1,
    "TestCode": "test_code_1_c#_V3",
    "StandardInput": "standard_input_1_c#_V3",
    "ExpectedOutput": "expected_output_1_c#_V3",
    "AdditionalData": "additional_data_1_c#_V3",
    "Points": 1,
    "FkTestSuiteId": 6,
    "UseAsExampleFlag": true,
    "HideOnFailFlag": false,
    "DisplayType": "SHOW"
  },
  { // Exercise 1, Testcase 2, C#, V3
    "Id": 12,
    "OrderUsed": 2,
    "TestCode": "test_code_2_c#_V3",
    "StandardInput": "standard_input_2_c#_V3",
    "ExpectedOutput": "expected_output_2_c#_V3",
    "AdditionalData": "additional_data_2_c#_V3",
    "Points": 1,
    "FkTestSuiteId": 6,
    "UseAsExampleFlag": true,
    "HideOnFailFlag": false,
    "DisplayType": "SHOW"
  },
  { // Exercise 2, Testcase 1, Python, V1
    "Id": 13,
    "OrderUsed": 1,
    "TestCode": "test_code_1_py_V1",
    "StandardInput": "standard_input_1_py_V1",
    "ExpectedOutput": "expected_output_1_py_V1",
    "AdditionalData": "additional_data_1_py_V1",
    "Points": 2,
    "FkTestSuiteId": 7,
    "UseAsExampleFlag": false,
    "HideOnFailFlag": true,
    "DisplayType": "HIDE"
  },
  { // Exercise 2, Testcase 1, Java, V1
    "Id": 14,
    "OrderUsed": 1,
    "TestCode": "test_code_1_java_V1",
    "StandardInput": "standard_input_1_java_V1",
    "ExpectedOutput": "expected_output_1_java_V1",
    "AdditionalData": "additional_data_1_java_V1",
    "Points": 2,
    "FkTestSuiteId": 8,
    "UseAsExampleFlag": false,
    "HideOnFailFlag": true,
    "DisplayType": "HIDE"
  },
  { // Exercise 3, Testcase 1, C, V1
    "Id": 15,
    "OrderUsed": 1,
    "TestCode": "test_code_1_c_V1",
    "StandardInput": "standard_input_1_c_V1",
    "ExpectedOutput": "expected_output_1_c_V1",
    "AdditionalData": "additional_data_1_c_V1",
    "Points": 2,
    "FkTestSuiteId": 9,
    "UseAsExampleFlag": false,
    "HideOnFailFlag": true,
    "DisplayType": "HIDE"
  },
  { // Exercise 1, Testcase 1, C++, V1
    "Id": 16,
    "OrderUsed": 1,
    "TestCode": "test_code_1_c++_V1",
    "StandardInput": "standard_input_1_c++_V1",
    "ExpectedOutput": "expected_output_1_c++_V1",
    "AdditionalData": "additional_data_1_c++_V1",
    "Points": 2,
    "FkTestSuiteId": 10,
    "UseAsExampleFlag": false,
    "HideOnFailFlag": true,
    "DisplayType": "HIDE"
  },
  { // Exercise 1, Testcase 2, C++, V1
    "Id": 17,
    "OrderUsed": 2,
    "TestCode": "test_code_2_c++_V1",
    "StandardInput": "standard_input_2_c++_V1",
    "ExpectedOutput": "expected_output_2_c++_V1",
    "AdditionalData": "additional_data_2_c++_V1",
    "Points": 2,
    "FkTestSuiteId": 10,
    "UseAsExampleFlag": false,
    "HideOnFailFlag": true,
    "DisplayType": "SHOW"
  },
  { // Exercise 1, Testcase 1, C#, V1
    "Id": 18,
    "OrderUsed": 1,
    "TestCode": "test_code_1_c#_V1",
    "StandardInput": "standard_input_1_c#_V1",
    "ExpectedOutput": "expected_output_1_c#_V1",
    "AdditionalData": "additional_data_1_c#_V1",
    "Points": 1,
    "FkTestSuiteId": 11,
    "UseAsExampleFlag": true,
    "HideOnFailFlag": false,
    "DisplayType": "SHOW"
  },
  { // Exercise 1, Testcase 2, C#, V1
    "Id": 19,
    "OrderUsed": 2,
    "TestCode": "test_code_2_c#_V1",
    "StandardInput": "standard_input_2_c#_V1",
    "ExpectedOutput": "expected_output_2_c#_V1",
    "AdditionalData": "additional_data_2_c#_V1",
    "Points": 1,
    "FkTestSuiteId": 11,
    "UseAsExampleFlag": true,
    "HideOnFailFlag": false,
    "DisplayType": "SHOW"
  },
  { // Exercise 1, Testcase 1, C++, V2
    "Id": 20,
    "OrderUsed": 1,
    "TestCode": "test_code_1_c++_V2",
    "StandardInput": "standard_input_1_c++_V2",
    "ExpectedOutput": "expected_output_1_c++_V2",
    "AdditionalData": "additional_data_1_c++_V2",
    "Points": 2,
    "FkTestSuiteId": 12,
    "UseAsExampleFlag": false,
    "HideOnFailFlag": true,
    "DisplayType": "HIDE"
  },
  { // Exercise 1, Testcase 2, C++, V2
    "Id": 21,
    "OrderUsed": 2,
    "TestCode": "test_code_2_c++_V2",
    "StandardInput": "standard_input_2_c++_V2",
    "ExpectedOutput": "expected_output_2_c++_V2",
    "AdditionalData": "additional_data_2_c++_V2",
    "Points": 2,
    "FkTestSuiteId": 12,
    "UseAsExampleFlag": false,
    "HideOnFailFlag": true,
    "DisplayType": "SHOW"
  },
  { // Exercise 1, Testcase 1, C#, V2
    "Id": 22,
    "OrderUsed": 1,
    "TestCode": "test_code_1_c#_V2",
    "StandardInput": "standard_input_1_c#_V2",
    "ExpectedOutput": "expected_output_1_c#_V2",
    "AdditionalData": "additional_data_1_c#_V2",
    "Points": 1,
    "FkTestSuiteId": 13,
    "UseAsExampleFlag": true,
    "HideOnFailFlag": false,
    "DisplayType": "SHOW"
  },
  { // Exercise 1, Testcase 2, C#, V2
    "Id": 23,
    "OrderUsed": 2,
    "TestCode": "test_code_2_c#_V2",
    "StandardInput": "standard_input_2_c#_V2",
    "ExpectedOutput": "expected_output_2_c#_V2",
    "AdditionalData": "additional_data_2_c#_V2",
    "Points": 1,
    "FkTestSuiteId": 13,
    "UseAsExampleFlag": true,
    "HideOnFailFlag": false,
    "DisplayType": "SHOW"
  },
  { // Exercise 1, Testcase 1, C++, V3
    "Id": 24,
    "OrderUsed": 1,
    "TestCode": "test_code_1_c++_V3",
    "StandardInput": "standard_input_1_c++_V3",
    "ExpectedOutput": "expected_output_1_c++_V3",
    "AdditionalData": "additional_data_1_c++_V3",
    "Points": 2,
    "FkTestSuiteId": 14,
    "UseAsExampleFlag": false,
    "HideOnFailFlag": true,
    "DisplayType": "HIDE"
  },
  { // Exercise 1, Testcase 2, C++, V3
    "Id": 25,
    "OrderUsed": 2,
    "TestCode": "test_code_2_c++_V3",
    "StandardInput": "standard_input_2_c++_V3",
    "ExpectedOutput": "expected_output_2_c++_V3",
    "AdditionalData": "additional_data_2_c++_V3",
    "Points": 2,
    "FkTestSuiteId": 14,
    "UseAsExampleFlag": false,
    "HideOnFailFlag": true,
    "DisplayType": "SHOW"
  },
  { // Exercise 1, Testcase 1, C#, V3
    "Id": 26,
    "OrderUsed": 1,
    "TestCode": "test_code_1_c#_V3",
    "StandardInput": "standard_input_1_c#_V3",
    "ExpectedOutput": "expected_output_1_c#_V3",
    "AdditionalData": "additional_data_1_c#_V3",
    "Points": 1,
    "FkTestSuiteId": 15,
    "UseAsExampleFlag": true,
    "HideOnFailFlag": false,
    "DisplayType": "SHOW"
  },
  { // Exercise 1, Testcase 2, C#, V3
    "Id": 27,
    "OrderUsed": 2,
    "TestCode": "test_code_2_c#_V3",
    "StandardInput": "standard_input_2_c#_V3",
    "ExpectedOutput": "expected_output_2_c#_V3",
    "AdditionalData": "additional_data_2_c#_V3",
    "Points": 1,
    "FkTestSuiteId": 15,
    "UseAsExampleFlag": true,
    "HideOnFailFlag": false,
    "DisplayType": "SHOW"
  },
  { // Exercise 2, Testcase 1, Python, V1
    "Id": 28,
    "OrderUsed": 1,
    "TestCode": "test_code_1_py_V1",
    "StandardInput": "standard_input_1_py_V1",
    "ExpectedOutput": "expected_output_1_py_V1",
    "AdditionalData": "additional_data_1_py_V1",
    "Points": 2,
    "FkTestSuiteId": 16,
    "UseAsExampleFlag": false,
    "HideOnFailFlag": true,
    "DisplayType": "HIDE"
  },
  { // Exercise 2, Testcase 1, Java, V1
    "Id": 29,
    "OrderUsed": 1,
    "TestCode": "test_code_1_java_V1",
    "StandardInput": "standard_input_1_java_V1",
    "ExpectedOutput": "expected_output_1_java_V1",
    "AdditionalData": "additional_data_1_java_V1",
    "Points": 2,
    "FkTestSuiteId": 17,
    "UseAsExampleFlag": false,
    "HideOnFailFlag": true,
    "DisplayType": "HIDE"
  }
]