[
  {
    "Id":  1,
    "Name": "fhtw",
    "Password": "1a998df5fcdda7a891b54846dd8377df64286d3244c17e47dfb37c8d39d4a6469942367715e5c72cf98c0054cb2eb42238cd42b6d46f36fe65d34d7d5a133f95"
  },
  {
    "Id": 2,
    "Name": "sabrina",
    "Password": "3544e2e8cdfc2c8d1bb44ab4e80679d0d9cabaa57c5de30500a763e72382242f750027fd553913013f41b113594010a57d990e8a989c098d1e4e45af9b13ad15"
  },
  {
    "Id": 3,
    "Name": "michi",
    "Password": "05da9778da007b171a01250742119aa8b5116afbdc1539df9f28f97cbe1bfe8252dfd26be08fd695f997be974c838969bd91df1c0ae270f9d8840e59c7fe9c6f"
  },
  {
    "Id": 4,
    "Name": "jacob",
    "Password": "auf https://sha512.online/ generieren"
  },
  {
    "Id": 5,
    "Name": "roman",
    "Password": "auf https://sha512.online/ generieren"
  },
  {
    "Id": 6,
    "Name": "wolfgang",
    "Password": "ee26b0dd4af7e749aa1a8ee3c10ae9923f618980772e473f8819a5d4940e0db27ac185f8a0e1d5f84f88bc887fd67b143732c304cc5fa9ad8e6f57f50028a8ff"
  }
]

