{
  "$schema": "https://raw.githubusercontent.com/DotNetAnalyzers/StyleCopAnalyzers/master/StyleCop.Analyzers/StyleCop.Analyzers/Settings/stylecop.schema.json",
  "settings": {
    "orderingRules": {
      "usingDirectivesPlacement": "outsideNamespace"
    },
    "documentationRules": {
      "companyName": "FHTW CodeRunner",
      "copyrightText": "Copyright (c) {companyName}. All Rights Reserved.",
      "xmlHeader": true
    },
    "layoutRules": {
      "newlineAtEndOfFile": "require"
    }
  }
}